message_id,parent_id,prompt,assistant_response,generated_response_with_embedding,generated_response_without_embedding,sentiment,tone,subjectivity
6ab24d72-0181-4594-a9cd-deaf170242fb,,"Can you write a short introduction about the relevance of the term ""monopsony"" in economics? Please use examples related to potential monopsonies in the labour market and cite relevant research.","""Monopsony"" refers to a market structure where there is only one buyer for a particular good or service. In economics, this term is particularly relevant in the labor market, where a monopsony employer has significant power over the wages and working conditions of their employees. The presence of a monopsony can result in lower wages and reduced employment opportunities for workers, as the employer has little incentive to increase wages or provide better working conditions.

Recent research has identified potential monopsonies in industries such as retail and fast food, where a few large companies control a significant portion of the market (Bivens & Mishel, 2013). In these industries, workers often face low wages, limited benefits, and reduced bargaining power, leading to a situation where they are dependent on the employer for their livelihood. This dependence can result in further suppression of wages and a decline in working conditions.

Overall, the concept of monopsony is essential to understanding the dynamics of labor markets and the impact of market power on workers. Further research is needed to understand the extent and impact of monopsonies on the economy and to develop policies to address this issue.

References:
Bivens, J., & Mishel, L. (2013). The Pay of Corporate Executives and Financial Professionals as Evidence of Rents in Top 1 Percent Incomes. Journal of Economic Perspectives, 27(3), 57-78.","The concept of monopsony is crucial in understanding labor market dynamics, particularly in situations where a single employer has significant influence over the supply of labor. A monopsonist is an employer that exercises this influence to shape wages, working conditions, and employment levels. In practice, monopsonies can arise in various industries, such as healthcare (e.g., hospitals) or technology (e.g., large software companies).

Research suggests that monopsony power can lead to lower wages, reduced job mobility, and a decrease in overall economic efficiency. For instance, a study by Acemoglu and Angrist (2001) found that the introduction of a national certification program for nurses in the United States led to increased earnings for certified nurses, indicating monopsony power at play.

In addition, the rise of platform-based labor markets, such as Uber or TaskRabbit, has raised concerns about the potential for monopsony power among these companies. A study by Bughin et al. (2018) found that platform-based workers may face reduced earnings and limited career advancement due to the monopsonistic control exercised by these platforms.

In summary, understanding monopsony is essential in analyzing labor market outcomes, particularly in situations where a single employer has significant influence over the supply of labor.","Here's a brief introduction on the relevance of the term ""monopsony"" in economics:

A monopsony is a market structure where a single buyer has significant influence or control over the prices paid to suppliers, typically in labor markets. This concept is crucial in understanding certain labor market dynamics, particularly those with few job seekers compared to job openings. For instance, research suggests that some cities, such as those with high-tech industries (Acemoglu & Autor, 2011) or those with a unique cultural attraction (Levy et al., 2018), may exhibit monopsonic tendencies due to the limited availability of skilled workers.

In these scenarios, a single employer can exert significant control over wages and working conditions for specific skill sets, potentially leading to lower labor market equilibrium wages. Monopsonies can also lead to less worker mobility, as individuals may face reduced job prospects if they switch employers or industries. Understanding monopsony dynamics is essential in developing policies aimed at promoting fair labor practices and improving overall economic efficiency.

References:

Acemoglu, D., & Autor, D. (2011). What do we know and what should we learn about the impact of technology on jobs? Annual Review of Economics, 3, 365-399.

Levy, J. S., Schmitz, M. W., & Seifert, R. W. (2018). Monopsony in the labor market: Evidence from Google. Journal of Labor Economics, 36(2), 247-275.",POSITIVE,formal,0.65
6708c47f-05c9-4346-b3d2-40b2bd24fde4,c8e83833-ecbc-44fe-b6db-735228c25a1c,Now explain it to a dog,,"Hey pup! So, I'm going to try to explain this weird thing called an ""embedding"" to you.

Imagine you're playing fetch with your favorite ball. You throw it, and it goes flying through the air. But instead of just seeing where the ball is, imagine you can see all the things around it too - like the grass, the sky, and even the other dogs playing in the background.

That's kind of like what an embedding is. It's a way to show how lots of different things are connected, like a big ol' picture with lots of details. In this case, the things being shown are some numbers that people use for special computer stuff.

Does that make sense? Woof woof!","WOOF WOOF! Okay, pup!

Imagine we're playing fetch with ideas. I catch an idea and hold onto it (like a ball!). The more I think about it, the more details I add (like scratches on the ball!).

When you sniff around me, my tail wags because that means I'm sharing my idea with you! It's like showing you where I hid the ball!

But if someone else comes along and tries to grab the idea from me, I get a little growly because it's MINE!",POSITIVE,informal,0.0
18145bf4-37fd-4ac0-80f5-6108b5f2b365,343ee2d4-87ae-41fd-a768-bdd65959dc4a,How can one fight back when a monospony had been created?,,"Fighting back against a monopolistic situation requires strategic planning and collective action. Here are some steps that can help:

1. Identify the source: Understand who or what is causing the monopoly.
2. Build alternatives: Support alternative options, products, or services to reduce dependence on the monopolistic entity.
3. Organize resistance: Gather like-minded individuals and groups to collectively push back against the monopoly.
4. Advocate for change: Encourage policymakers to implement reforms that promote competition and fair play.
5. Educate and raise awareness: Inform others about the negative consequences of the monopoly and the importance of promoting healthy competition.

Remember, fighting a monopoly is an uphill battle, but with persistence, coordination, and determination, it is possible to create positive change.","A ""monospony"" refers to a situation where a single company has significant market power or control, making it difficult for others to compete. Fighting back against a monospony requires a multi-faceted approach:

1. **Diversification**: Develop multiple revenue streams and products/services to reduce dependence on the dominant company.
2. **Innovation**: Focus on creating unique value propositions, improving efficiency, or introducing new technologies to differentiate your offering.
3. **Partnerships**: Collaborate with other companies, startups, or organizations to share risks, expertise, and resources.
4. **Regulatory advocacy**: Engage with governments and regulatory bodies to promote fair competition, anti-monopoly laws, and policies that benefit smaller businesses.
5. **Education and awareness**: Raise public awareness about the negative consequences of a monospony and the importance of promoting competition.

Remember, fighting back against a monospony requires perseverance, adaptability, and creativity.",NEGATIVE,formal,0.0
ac94bfcf-7f25-4084-8755-dde345ac2323,636dd191-50df-4894-ba9a-cd7f00767258,"What can be done at a regulatory level to ensure, in a monopsony, that the power over the employees isn't abused? List a few options and focus on the organs that should act.","Here are some potential regulatory options to address monopsony power over employees:

- Antitrust enforcement agencies like the FTC or DOJ could investigate and take action against dominant employers that are abusing their market power to suppress wages or worsen working conditions. They could force divestitures or other structural remedies.
- Labor standards agencies could set industry-specific minimum wage floors or other regulations around compensation and working conditions. This would reduce the ability of dominant employers to push wages/conditions below certain thresholds.
- Sector-specific regulators could impose requirements around how companies hire, compensate, and treat workers. For example, banking regulators could prohibit abusive practices by dominant banks with regard to their employees.
- Legislatures could pass laws","To ensure that the power over employees isn't abused in a monopsony, regulatory bodies such as labor departments or employment agencies can take several measures:

1. Establish clear guidelines: Develop and enforce strict guidelines for fair labor practices, ensuring equal pay, reasonable working hours, and safe working conditions.
2. Conduct regular audits: Perform regular audits to monitor compliance with labor laws and regulations, and take swift action against violators.
3. Implement whistleblower protection: Protect employees who report any unfair or abusive practices, preventing retaliation and encouraging reporting of such incidents.
4. Promote collective bargaining: Encourage the formation of unions or other representative organizations for workers to collectively negotiate wages, benefits, and working conditions.
5. Provide mediation services: Offer mediation services to resolve disputes between employers and employees in a fair and impartial manner.

The organs responsible for implementing these measures are labor departments or employment agencies at the national or regional level.","In a monopsony where one employer dominates the labor market, regulatory measures can help prevent abuse of power. Here are a few options:

1. **Minimum wage laws**: Strengthen minimum wage laws to ensure fair compensation for workers. This can be implemented by the national government or state/provincial authorities.
2. **Collective bargaining requirements**: Mandate collective bargaining agreements (CBAs) between employers and unions, ensuring workers have a say in wages, benefits, and working conditions. Labor boards or departments of labor should oversee these processes.
3. **Worker protection agencies**: Establish independent agencies to investigate and address worker complaints, such as unfair labor practices or discrimination. These agencies can be responsible for the national government or state/provincial level.
4. **Public interest representation**: Allow public interest groups or unions to participate in regulatory proceedings related to monopsony employers, ensuring a diverse range of perspectives is considered.

The organs that should act at the regulatory level include:

* National governments or state/provincial authorities
* Labor departments or ministries
* Independent worker protection agencies
* Regulatory bodies (e.g., antitrust commissions) responsible for enforcing fair competition laws

These entities can work together to ensure that monopsony employers are held accountable and that workers have a voice in the labor market.",NEGATIVE,formal,0.1
fc64fa35-08a8-422c-8f6c-2d86a2834aac,636dd191-50df-4894-ba9a-cd7f00767258,"I would imagine this is similar or even the same as a ""monopoly"" but I am not sure.

Assuming that this some kind of ""final state"" of a particular industry or even an entire economy, give me some larger historical examples of this kind of structure consolidating over time, and describe what circumstances are common prerequisite.","Bouguereau died in 1905, so it is unlikely that any of his direct descendants are still alive. However, his works continue to be popular and are sold at auction and through art dealers. It is possible that some indirect descendants may benefit from the sale of his works.","A ""monopoly"" or a highly concentrated industry structure can emerge over time due to various factors. Here are some larger historical examples:

1. The American steel industry in the late 19th century: Andrew Carnegie and J.P. Morgan consolidated steel production, leading to a few dominant companies.
2. The railroad industry in the United States during the Gilded Age: Railroad moguls like Cornelius Vanderbilt and James J. Hill controlled significant portions of the market.
3. The automobile industry in the early 20th century: Henry Ford's mass production techniques led to the dominance of the Ford Motor Company, followed by General Motors and Chrysler.

Common prerequisites for such concentration include:

1. Economies of scale: Large-scale production and distribution can reduce costs, leading to increased efficiency and competitiveness.
2. Regulatory environment: Governments may create favorable conditions through laws, policies, or lack thereof, allowing certain companies to thrive.
3. Technological advancements: New technologies can disrupt industries, creating opportunities for early adopters to gain a significant advantage.
4. Capital constraints: Limited access to capital or financial resources can hinder the growth of smaller competitors, enabling larger firms to expand.

These factors can contribute to the consolidation of an industry over time, leading to a few dominant players controlling a significant portion of the market.","A ""monopoly"" refers to a situation where a single entity has complete control over the production and distribution of a particular good or service, often resulting in market dominance and limited competition.

Historical examples of industries consolidating into a dominant structure include:

1. Steel industry ( late 19th-early 20th century): Andrew Carnegie and other industrialists consolidated steel production, leading to massive mergers and the creation of U.S. Steel.
2. Automotive industry (early 20th century): Henry Ford's assembly-line production led to mass consolidation, with General Motors, Ford, and Chrysler becoming the dominant players.
3. Tobacco industry (mid-20th century): Philip Morris and other companies acquired smaller firms, eventually leading to a duopoly between Altria (formerly Philip Morris) and Reynolds American.

Common prerequisites for these consolidations include:

1. Market growth and demand: As an industry grows, companies seek to expand their market share, leading to mergers and acquisitions.
2. Technological advancements: Innovations can create economies of scale, making it easier for larger firms to absorb smaller ones.
3. Regulatory environment: Government policies, antitrust laws, or lack thereof can influence the pace and scope of consolidation.
4. Economic conditions: Downturns or recessions can prompt companies to merge in order to reduce costs and increase efficiency.

These circumstances often create an environment conducive to consolidation, ultimately leading to a dominant structure within an industry or economy.",NEGATIVE,formal,0.5611111111111111
91a934ba-cfb8-4ca9-84d0-232b43ad13ab,,Can you explain contrastive learning in machine learning in simple terms for someone new to the field of ML?,"Sure! Let's say you want to build a model which can distinguish between images of cats and dogs. You gather your dataset, consisting of many cat and dog pictures. Then you put them through a neural net of your choice, which produces some representation for each image, a sequence of numbers like [0.123, 0.045, 0.334, ...]. The problem is, if your model is unfamiliar with cat and dog images, these representations will be quite random. At one time a cat and a dog picture could have very similar representations (their numbers would be close to each other), while at others two cat images may be represented far apart. In simple terms, the model wouldn't be able to tell cats and dogs apart. This is where contrastive learning comes in.

The point of contrastive learning is to take pairs of samples (in this case images of cats and dogs), then train the model to ""pull"" representations of similar pairs (cat-cat or dog-dog) closer to each other and ""push"" representations of different pairs (cat-dog) apart. After doing this for a sufficient number of steps, your model will be able to produce unique, reliable representations for cats and dogs, in essence tell them apart.

This method is not limited to images, you can typically use it with any dataset that has similar and dissimilar data points.","Contrastive learning is a type of machine learning approach that helps models learn more effectively by comparing similar but distinct examples.

Imagine you're trying to recognize different breeds of dogs based on photos. Contrastive learning would work by showing your model two dog photos at once: one of a Golden Retriever and another of a Poodle. The goal is for the model to learn that these two breeds are different, even if they both have fluffy fur.

In this process, the model is trained to predict whether the two input examples (like the Golden Retriever and Poodle) belong to the same category or not. This forces the model to pay attention to the unique features of each breed, like ear shape or tail length, which helps it learn a better representation of what makes each breed distinct.

By doing so, contrastive learning helps models develop a deeper understanding of the data and improve their ability to make accurate predictions.","Contrastive learning is a type of self-supervised learning where a model learns to differentiate between similar and dissimilar examples. Think of it like training a detective to identify fake vs real IDs.

Here's how it works:

1. You have a dataset with multiple views or augmentations of the same example (e.g., an image, a sentence).
2. The model tries to predict whether two samples are identical (positive pair) or not (negative pair).
3. The goal is for the model to learn to capture meaningful features that distinguish between similar and dissimilar examples.

By training on these positive and negative pairs, the model learns to develop an understanding of what makes things similar or different, which can be useful for tasks like image classification, clustering, or anomaly detection.",NEGATIVE,formal,0.40584415584415584
345ef82e-70f1-4824-9d73-db2ce00573a7,e8ca4e06-a584-4001-8594-5f633e06fa91,I didn't understand how pulling and pushing works. What are we pulling or pushing? And how does it work in terms of code or maths?,"It has to do with a process called differentiation, which means finding a derivative: a function that tells us whether another function is going up or down at a given point. For example, the derivative of `f(x) = x` is `f'(x) = 1`, because it's always going up at a 1:1 ratio. This can be done for a variety of functions; notably, if you know the derivatives of `f(x)` and `g(x)`, you can also get the derivative of `f(g(x))` using a formula called the chain rule. Neural networks happen to be made of differentiable functions, so we can take the derivative of parts or all of it.

To use this for ""pushing"" and ""pulling"", we'll put two images through the neural network. Let's say the images are of a cat and a dog, so we want to increase the distance between the two. We pick one neuron weight from the network and make it a variable `x`, then construct a function that calculates the output of the network based on it and all the other parameters; let's call it `N(x)`. The distance between the cat and dog outputs would be `f(x) = N(cat) - N(dog)`. (Of course, the real output would have more than 1 dimension, but we're simplifying.) We now want to nudge the weight such that it moves the two outputs slightly further apart. For that, we can simply take the derivative! If `f'(x)` is positive, that means that increasing the weight will move them further apart, so we should do that. If it's negative, then it'll move them closer, so we'll want to slightly decrease the weight instead. Apply this to all the neurons enough times and your network will soon converge to a pretty good cat-dog separator!","I'd be happy to explain how pulling and pushing works in the context of machine learning and deep learning!

In the context of neural networks, ""pulling"" or ""pushing"" refers to the process of adjusting the weights and biases of a network during training. This is done by minimizing the difference between the predicted output and the actual output.

Here's a simplified explanation:

* **Pushing**: During training, the network tries to minimize the error (or ""loss"") between its predictions and the true labels. When the loss is high, the network pushes or updates its weights and biases in a way that reduces the error.
* **Pulling**: Conversely, when the loss is low, the network pulls or stabilizes its weights and biases to maintain the good performance.

Mathematically, this process involves calculating the gradients of the loss with respect to the model's parameters (weights and biases) using backpropagation. The gradients are then used to update the parameters in a way that minimizes the loss. This is done through an optimization algorithm like stochastic gradient descent (SGD), Adam, or RMSProp.

In summary, pulling and pushing refer to the iterative process of adjusting neural network weights and biases during training to minimize the difference between predicted and actual outputs.","In programming, ""pulling"" and ""pushing"" refer to operations on data structures like arrays or lists.

**Pushing**: Adding an element to the end of a data structure, such as an array or list. For example, if you have an array `[1, 2, 3]` and you push `4`, it becomes `[1, 2, 3, 4]`.

In code, pushing often involves using methods like `push()` (in JavaScript) or `append()` (in Python).

**Pulling**: Removing the last element from a data structure. In our example, if we pull from the array `[1, 2, 3, 4]`, it becomes `[1, 2, 3]`.

In code, pulling often involves using methods like `pop()` (in JavaScript) or `remove()` (in Python).

Mathematically, pushing and pulling can be represented as operations on vectors:

* Pushing: Adding a new element to the end of a vector, like concatenating two vectors.
* Pulling: Removing the last element from a vector, like taking a slice of a vector.

For example, if you have a vector `[1, 2, 3]` and you push `4`, it becomes the vector `[1, 2, 3, 4]`. If you pull from this vector, it becomes `[1, 2, 3]`.

I hope this helps clarify things!",NEGATIVE,formal,0.0
9dd53478-a9e2-47f1-91e0-a1b8202aee5f,d32f5aa0-6d1c-48b1-a25f-0d897bdf1683,Can you tell me more about Euclidean distances?,,"Euclidean distance is a measure of the straight-line distance between two points in a multi-dimensional space. It's a commonly used metric in many fields, including data analysis, computer science, and machine learning.

In essence, the Euclidean distance between two points A and B is calculated by taking the square root of the sum of the squared differences between their corresponding coordinates. Mathematically, it can be represented as:

√((A_x - B_x)^2 + (A_y - B_y)^2 + ... + (A_n - B_n)^2)

where A_x, A_y, ..., A_n are the coordinates of point A, and similarly for point B.

Euclidean distance is often used to measure the similarity or dissimilarity between data points, and it's particularly useful when dealing with high-dimensional spaces.","Euclidean distance, also known as L2 distance, is a measure of the straight-line distance between two points in a multidimensional space. It's calculated as the square root of the sum of the squared differences between corresponding coordinates:

√((x1-x2)^2 + (y1-y2)^2 + ... + (n1-n2)^2)

Euclidean distance is widely used in many fields, including statistics, computer science, and data analysis, due to its intuitive and interpretable nature. It's a fundamental concept in geometry and has numerous applications, such as clustering, classification, and nearest neighbor search.",NEGATIVE,formal,0.5
18705268-f16a-48f6-a007-82b7c5e4c17a,07efcd24-46b9-442a-8bd2-c90b147a0eb1,Can you clarify the analogy? I'm not following the notation or vocabulary used in the example.,,"I'd be happy to help clarify the analogy for you.

The notation is likely referring to an embedding, which is a mathematical representation of words or concepts in a high-dimensional space. The numbers listed are the coordinates of each concept in this space, with each number representing a different dimension.

Think of it like a GPS coordinate system: just as latitude and longitude help locate a specific point on a map, these numerical coordinates help locate a specific word or concept in the conceptual space.

In this case, the embedding represents a sequence of words or concepts, likely from natural language processing (NLP) tasks.","Don't worry, I'm here to help! Analogies can be tricky, and it's normal if you need some clarification.

Could you please specify which part of the analogy is confusing for you? Is it the words, the notation, or the relationship between them?

I'll do my best to explain it in a way that makes sense to you.",NEGATIVE,formal,0.1
0cac6e29-0fbd-4577-9a1e-3a21b0fa0715,d2a39c6a-934b-4912-b02e-e1e463939eb7,I asked about contrastive learning in machine learning which has nothing to do with Jeff Bezos. Contrastive learning is used to increase the performance of vision-based tasks using contrast. I want you to explain this technique to me in a way that anyone without machine learning knowledge would understand.,Can you explain why it is important to manage stakeholders and engagement actively for any projects or initiatives that you are involved in your workplace?,"I'd be happy to explain contrastive learning in simple terms!

Contrastive learning is a technique used in machine learning to help computers learn more effectively from visual data (like images or videos). The idea is that by comparing similar things with slightly different features, the computer can learn what makes them similar and what makes them unique.

Imagine you have two pictures of cats: one with whiskers and another without. By looking at both pictures together, the computer can figure out what ""cat-ness"" looks like and what specific features (like whiskers) make each cat distinct.

In contrastive learning, this process is repeated many times to help the computer develop a deeper understanding of visual patterns and relationships. This ultimately leads to improved performance in tasks like image recognition, object detection, or scene understanding.

I hope that helps! Let me know if you have any further questions","Contrastive learning is a machine learning technique that helps improve the performance of computer vision models by exploiting the difference between similar and dissimilar examples.

Think of it like trying to distinguish between two identical twins. You can learn more about each twin by looking at how different they are from each other, rather than just focusing on their similarities.

In contrastive learning, you have two types of images: positive pairs (e.g., two pictures of the same cat) and negative pairs (e.g., a picture of a dog and a picture of a car). The goal is to train the model to recognize the differences between these pairs and learn to distinguish between similar-looking but dissimilar examples.

By doing so, contrastive learning helps the model develop a better understanding of the underlying features that make one image different from another. This can lead to improved performance in tasks like object detection, segmentation, and image classification.",POSITIVE,formal,0.0
7cce4047-8f87-42c4-9d75-a590c02be5b1,,"I want to start doing astrophotography as a hobby, any suggestions what could i do?","Getting started in astrophotography can seem daunting, but with some patience and practice, you can become a master of the craft. To begin, you'll need a good camera and lens, a tripod, and a dark sky location free of light pollution. You will also need to learn about the basics of astrophotography, such as what camera settings to use, how to capture star trails, and the best techniques for tracking celestial objects. You can also purchase or rent different types of telescopes, depending on what types of objects you want to capture. Additionally, it's important to keep up with the latest astrophotography news and trends. Once you have the necessary equipment and knowledge, you can start shooting and experimenting with different techniques to get the best results.","Starting astrophotography as a hobby sounds like an exciting venture! To get started, you can begin by:

* Investing in a good quality camera and tripod that can handle low-light conditions.
* Learning about the best times to shoot for specific celestial objects, such as stars or planets.
* Practicing your composition skills by experimenting with different angles and framing techniques.
* Joining online communities or forums to connect with other astrophotography enthusiasts and learn from their experiences.

Remember to be patient and persistent, as capturing high-quality astrophotos requires a combination of technical skill and good timing.","Astrophotography is a fascinating hobby! Here are some quick tips to get you started:

1. **Invest in a camera**: You'll need a DSLR or mirrorless camera with manual controls and ISO flexibility.
2. **Get a tripod**: A sturdy tripod is essential for long exposures and minimizing camera shake.
3. **Use the right lens**: A wide-angle lens (10-24mm) is ideal for capturing the Milky Way, while a telephoto lens (70-200mm) can help with distant celestial objects like galaxies or nebulas.
4. **Practice during peak viewing hours**: Try to capture the stars when they're highest in the sky (around 2am-4am).
5. **Start with the Moon and planets**: Begin by capturing images of the Moon, Venus, Jupiter, or Mars for easier targets.

Remember to always follow safety guidelines, dress warmly, and enjoy the thrill of chasing the stars!",NEGATIVE,formal,0.0
816f3b2a-932a-4b7f-9d18-c76946d2e097,19cb94ab-d6ab-4dbd-b408-70ffbd9b595c,Can you tell me more?  What would you recommend as a basic set of equipment to get started with?  How much will it cost?,"Astrophotography can be a fun and rewarding hobby, and here are some more in depth suggestions for you to get started:

    Equipment: As a beginner, you will need a camera that is capable of taking long exposures and manual control over the settings. A good starting point would be a digital SLR (DSLR) camera or a mirrorless camera. You will also need a sturdy tripod, a fast wide-angle lens (f/2.8 or faster), and a remote shutter release cable to minimize camera shake during long exposures.

    Location: Look for a location with minimal light pollution and a clear view of the night sky. Check online maps to find the best spots near you.

    Settings: Start with a wide-angle lens and set your camera to manual mode. Set your aperture to f/2.8 or wider, ISO to 800 or 1600, and experiment with different exposure times (30 seconds to 2 minutes).

    Focus: Focus the lens on the stars using live view and manual focus. You may also need to use a Bahtinov mask to achieve accurate focus.

    Editing: After you've taken your photos, use editing software such as Adobe Lightroom or Photoshop to adjust the exposure, contrast, and color balance to get the best results.

The cost of equipment will depend on the type of camera and lens you choose, but a basic setup can cost anywhere from $500 to $3000. However, you don't need to start with the most expensive equipment to get good results. As you improve, you can upgrade your equipment and add additional accessories such as filters and tracking mounts.

Remember, astrophotography is a hobby that requires patience and practice, so don't be discouraged if your first few attempts don't turn out as well as you had hoped. Keep experimenting and learning, and you'll soon be able to capture stunning images of the night sky!","I'd be happy to help you get started with photography!

As for the basic equipment needed, I recommend the following:

* A digital camera (DSLR or mirrorless) with interchangeable lenses
* A kit lens (18-55mm) that comes bundled with the camera
* A prime lens (50mm or 35mm) for portraits and street photography
* A tripod for stabilizing your shots
* A memory card with at least 16GB of storage

The cost will depend on the specific camera and lenses you choose. Here's a rough estimate:

* Camera body: $500-$1,000
* Kit lens: $100-$200
* Prime lens: $100-$300
* Tripod: $50-$150
* Memory card: $10-$20

Total estimated cost: $860-$2,310

Keep in mind that these are rough estimates, and prices may vary depending on the brand, model, and retailer. Additionally, you can always start with a basic setup and upgrade as you become more comfortable with photography.

I hope this helps! Let me know if you have any further questions.","To get started with geocaching, I'd recommend the following basic equipment:

* A GPS device or smartphone with a geocaching app (e.g., Geocaching Intro, C:Geo)
* A small bag or pouch to carry finds and trade items
* A pen or pencil for signing logbooks
* Water and snacks for longer hikes

As for cost, it really depends on the level of involvement you're interested in. Here's a rough estimate:

* Basic geocaching app: Free (e.g., Geocaching Intro) to $5-10 per month (e.g., premium features)
* GPS device: $50-200 (older models) or $300-500 (newer models)
* Small bag/pouch: $5-15
* Pen/Pencil: $1-2

Total estimated cost for a basic setup: $61-527

Of course, you can always start with the free app and borrow a GPS device from a friend to test the waters before investing in your own equipment. Happy caching!",NEGATIVE,formal,0.27499999999999997
36101a92-6a19-4918-8a5b-a2801b962ae5,49f14392-3ead-486a-982a-e185dd19b3a5,What is a good course of instruction to avoid years of wasted effort?,,"To avoid years of wasted effort, consider the following course of instruction:

1. Set clear goals: Define what you want to achieve and prioritize your efforts accordingly.
2. Identify potential pitfalls: Research common mistakes and biases that can derail progress.
3. Develop a structured approach: Break down complex tasks into manageable steps and create a schedule for implementation.
4. Learn from others: Study successful strategies, best practices, and lessons learned from experienced individuals or organizations.
5. Focus on continuous learning: Embrace a growth mindset, stay curious, and continually update your skills and knowledge to adapt to changing circumstances.

By following these guidelines, you can reduce the likelihood of wasted effort and increase your chances of achieving your goals efficiently and effectively.","To avoid wasting years of effort, I recommend the following course of instruction:

1. **Set clear goals**: Define specific, measurable, achievable, relevant, and time-bound (SMART) objectives.
2. **Learn the fundamentals**: Understand the underlying principles and concepts in your field or industry.
3. **Start with the basics**: Begin with simple, straightforward problems or projects to build a strong foundation.
4. **Focus on practical skills**: Develop hands-on skills through experimentation, prototyping, and iteration.
5. **Stay up-to-date**: Continuously educate yourself on new developments, trends, and best practices in your field.
6. **Measure progress**: Regularly assess your progress, identify setbacks, and adjust your approach as needed.
7. **Seek feedback and guidance**: Leverage mentors, peers, or online resources to refine your skills and address knowledge gaps.

By following this course of instruction, you'll be better equipped to avoid wasted effort and make steady progress towards achieving your goals.",NEGATIVE,formal,0.30000000000000004
4261ed98-f291-4bc3-b966-62c518dbdd5a,71f2a9a0-bf13-477c-87bc-347b190f2fa0,Do you have any suggestions for how I might improve my skill in capturing good photos?,,"Here are some suggestions to help you improve your photography skills:

1. **Understand the basics**: Familiarize yourself with aperture, shutter speed, ISO, and how they work together.
2. **Practice, practice, practice**: The more you shoot, the better you'll become at anticipating lighting, composition, and subject interaction.
3. **Experiment with different genres**: Try portrait, landscape, street, or wildlife photography to discover your strengths and weaknesses.
4. **Pay attention to light**: Learn to work with natural and artificial light to enhance your images.
5. **Edit wisely**: Use photo editing software to refine your images, but avoid over-processing and losing the original moment.
6. **Study the work of other photographers**: Analyze what makes their photos effective and try incorporating those elements into your own style.

Remember, photography is a skill that takes time to develop. Keep practicing, learning from your mistakes, and having fun!","Here are some tips to help you improve your photography skills:

1. **Practice regularly**: The more you shoot, the better you'll become.
2. **Pay attention to lighting**: Natural light, artificial light, and shadows can make or break a photo.
3. **Understand your camera**: Familiarize yourself with your camera's settings and modes.
4. **Composition is key**: Consider the rule of thirds, leading lines, and framing when composing your shots.
5. **Experiment with angles**: Don't be afraid to get low, climb high, or try unusual perspectives.

Remember, photography is all about creativity and experimentation. Have fun and enjoy the process!",NEGATIVE,formal,0.6000000000000001
7c1ad5ec-a853-4542-bf57-02209058c904,ff491afe-e26b-45f3-a84a-ed6248a3cb05,"I think that your reply is humorous/sarcastic, while I wanted a serious one. Please answer once again in a more serious fashion, with actual advice","I apologize for my previous response. Here are some tips on how to get good pictures, starting out: 
- Get away from high population areas. Light pollution is a major factor in astrophotography. 
- Use what you can afford. You might want to get an expensive telescope and camera, but with good conditions, some phones can even create decent pictures of the night sky (For example, Google Pixel phones have an astrophotography mode) 
- Keep your camera stable. Astrophotography needs long exposures to gather enough light, so any movement will show up as a blur. 
- For very long exposures, consider a tripod of setup to track the object of interest through the sky
- Keep an eye on the weather. Even if there is no precipitation or clouds, the atmosphere is turbulent, which will affect your pictures. 
- Start simple and keep reasonable expectations. Your pictures starting out will look amazing to you, but probably won't look as good as what you see online. Remember that other people may have better equipment, locations, and experience. You should seek advice from them, and improve yourself.","I apologize for the misunderstanding earlier.

Based on the embedded text, I understand that you're seeking serious advice. Here's a thoughtful response:

The embedding seems to be related to sentiment analysis or natural language processing. However, without further context or information about what this data represents, it's challenging to provide specific guidance.

If you could provide more details about the purpose of this embedding, such as its origin, relevance to a particular task, or expected outcome, I may be able to offer more tailored advice.","I apologize for any frustration or misunderstanding caused by my previous response.

Let's start fresh! Can you please rephrase the question or clarify what you're looking for guidance on? I'll do my best to provide a thoughtful and helpful answer this time around.",POSITIVE,formal,0.4833333333333333
710feb81-be4c-4fde-9a3b-7fa5df007d53,,Can you give me an example of a python script that opens an api point and serves a string?,"Sure! Here's an example Python script that uses the Flask web framework to create a simple API endpoint that serves a string:

``` 
from flask import Flask

app = Flask(__name__)

@app.route('/')
def hello_world():
    return 'Hello, world!'

if __name__ == '__main__':
    app.run()

``` 

In this script, we first import the Flask class from the flask module. Then we create a new instance of the Flask class, using the __name__ variable to specify the name of the application.
\
Next, we define a new route using the @app.route() decorator. This decorator tells Flask to map requests to the root URL (""/"") to the hello_world() function.
\
Finally, we use the if __name__ == '__main__': block to start the Flask application when the script is executed. By default, the application will run on port 5000.
\
You can run this script and test the API by opening a web browser and navigating to http://localhost:5000/. You should see a simple ""Hello, world!"" message displayed in your browser.","Here's an example Python script that opens an API point and serves a string:

```
import requests
import json

# Define the API endpoint URL
url = ""https://example.com/api/endpoint""

# Set the API request headers
headers = {
    'Content-Type': 'application/json',
    'Accept': 'text/plain'
}

# Send a GET request to the API endpoint
response = requests.get(url, headers=headers)

# Check if the response was successful (200 OK)
if response.status_code == 200:
    # Get the response content as a string
    data = response.text
    
    # Print the response content
    print(data)
else:
    # If the request failed, print an error message
    print(f""Error: {response.status_code}"")
```

In this example, replace `""https://example.com/api/endpoint""` with your actual API endpoint URL. This script sends a GET request to the specified URL and prints the response content as a string if the request was successful (200 OK).","Here is a simple Python script using Flask, a micro web framework, to serve a static string from a specific API endpoint:

```
from flask import Flask
app = Flask(__name__)

@app.route('/api/endpoint')
def hello_world():
    return 'Hello, World!'

if __name__ == '__main__':
    app.run()
```

In this script, we're creating a simple web server that listens for requests on the root URL ('/') and returns the string 'Hello, World!' when you visit '/api/endpoint'.",POSITIVE,formal,0.0
e550a849-2be8-4fe8-9f3c-93b82a1cb0ec,8607c450-ccfb-4c13-a96d-2e33db363f8e,What changes would you need to make to the code above to serve a JSON object instead of a string?,"To serve a JSON object instead of a string, you can modify the ""hello_world()"" function to return a JSON response using the Flask ""jsonify"" function. Here's an example of how to modify the previous code to serve a JSON object:

```
from flask import Flask, jsonify

app = Flask(name)

@app.route('/')
def hello_world():
data = {
'message': 'Hello, world!'
}
return jsonify(data)

if name == 'main':
app.run()
```

In this updated version of the code, we import the ""jsonify"" function from Flask and use it to create a JSON response. We define a dictionary called ""data"" that contains a single key-value pair, where the key is ""message"" and the value is ""Hello, world!"".

The ""jsonify"" function takes a dictionary as its argument and returns a JSON-formatted response with the appropriate content-type headers. When we visit the root URL of our Flask application, we will see a JSON object with the ""message"" key and its associated value.

You can test this modified script in the same way as the previous example, by opening a web browser and navigating to http://localhost:5000/. This time, you should see a JSON object with the ""message"" key and its associated value displayed in your browser.","To serve a JSON object instead of a string, you would need to create a JSON object in your code and then return that object as the response. This can be done by using a library or framework that supports JSON serialization, such as Jackson for Java or the built-in `json` module for Python.

Here's an example of how you might do this in Python:
```
import json

# Create a dictionary to represent your data
data = {
    ""Embedding"": [
        -2.7959, 11.2617, 2.8691, -6.3778, -2.2213, 5.7191, 6.0794, -0.7968, -0.1467, -5.3301, 1.2627, 0.6757, -2.8364, -0.6908, 2.5773, -0.0560, -1.4901, -2.0527, -4.1015, 0.6249, 0.9817, -5.3289, 1.7958, -0.5712, 3.0416, -0.5020, 0.0515, 2.2866, 0.9567, 0.8913, 2.4455, -3.6996, 3.9737, -1.9182, -4.1200, 0.6025, -1.9917, 3.2795, -2.2695, -1.2861, -0.2055, -1.9392, -6.4847, -1.2316, -2.0586, -6.3894, 2.0205, 1.6982, -0.6981, -1.9880, -5.2192, 0.6243, -7.1043, -2.0610, -5.4378, 0.5425, -2.8020, -2.4496, -1.2531, -0.9224, 4.5957, -2.8302, 2.5129, 2.9828
    ]
}

# Return the JSON representation of your data
return json.dumps(data)
```
This code creates a dictionary to represent your data, and then uses the `json.dumps()` function to convert that dictionary into a JSON string.","To serve a JSON object instead of a string, you would need to:

1. Return an object (`{}`) instead of a string (`""`)
2. Use a HTTP response with a `Content-Type` header set to `application/json`

Here's the modified code:
```python
return jsonify({'key': 'value'}), 200, {'Content-Type': 'application/json'}
```
This way, the server will respond with a JSON object instead of a string.",NEGATIVE,formal,0.1
ffc4341f-8cd0-4fdb-8114-22342b516595,74565b93-672e-4430-92c8-86e7c281a58f,"Instead of returning the request body, could you make it so it encrypts the request body with the caesar cipher and returns the cipher text?","Sure, here's an updated version of the Flask server that encrypts the request body with the Caesar cipher and returns the ciphertext:

```
from flask import Flask, request

app = Flask(name)

@app.route('/', methods=['POST'])
def encrypt():
request_body = request.get_json(force=True)
input_text = request_body['input']
shift = request_body.get('shift', 0) # optional shift parameter
encrypted_text = caesar_cipher(input_text, shift)
return {'ciphertext': encrypted_text}

def caesar_cipher(text, shift):
encrypted = ''
for char in text:
if char.isalpha():
char_code = ord(char)
encrypted_code = (char_code - 97 + shift) % 26 + 97
encrypted += chr(encrypted_code)
else:
encrypted += char
return encrypted

app.run(port=3000)
```

This version of the script takes an additional optional parameter shift in the request body, which specifies the number of positions to shift each letter in the plaintext. The caesar_cipher function takes care of the encryption itself, using the provided shift value.

To test the API, you can use curl or any other HTTP client to send a POST request to http://127.0.0.1:3000/, with a JSON request body containing the plaintext and an optional shift value. The server will respond with a JSON object containing the ciphertext:

```
curl -X POST -H 'Content-Type: application/json' -d '{""input"": ""hello"", ""shift"": 3}' http://127.0.0.1:3000/
```

Output:
{""ciphertext"": ""khoor""}","I can modify the code to encrypt the request body using the Caesar Cipher instead of returning the original request body.

Here's an example of how you can do this:

```
def lambda_handler(event, context):
    # Get the request body
    request_body = event.get('body', '')

    # Set the shift value for the Caesar Cipher
    shift = 3

    # Initialize an empty string to store the encrypted text
    encrypted_text = ''

    # Iterate over each character in the request body
    for char in request_body:
        # If the character is a letter, apply the Caesar Cipher encryption
        if char.isalpha():
            ascii_offset = 65 if char.isupper() else 97
            encrypted_char = chr((ord(char) - ascii_offset + shift) % 26 + ascii_offset)
            encrypted_text += encrypted_char
        # If the character is not a letter, leave it as is
        else:
            encrypted_text += char

    return {
        'statusCode': 200,
        'body': encrypted_text
    }
```

This code takes in an event and context as input, extracts the request body from the event, applies the Caesar Cipher encryption to each character in the request body using a shift value of 3, and returns the encrypted text.","Here's an updated example in Node.js using Express:

```javascript
app.use((req, res) => {
  const shift = 3; // You can adjust this value as per your requirement
  let requestBody = '';
  req.on('data', (chunk) => {
    requestBody += chunk;
  });
  req.on('end', () => {
    if (requestBody) {
      let cipherText = '';
      for (let i = 0; i < requestBody.length; i++) {
        const charCode = requestBody.charCodeAt(i);
        if (charCode >= 65 && charCode <= 90 || charCode >= 97 && charCode <= 122) {
          const newCharCode = ((charCode - 65 + shift) % 26 + 65) | ((charCode - 97 + shift) % 26 + 97);
          cipherText += String.fromCharCode(newCharCode);
        } else {
          cipherText += requestBody[i];
        }
      }
      res.send(cipherText);
    }
  });
});
```

In this code, we're listening for the `data` and `end` events of the request. When the request ends, we encrypt the request body using the Caesar Cipher algorithm (a simple encryption technique) with a shift value of 3. The encrypted text is then sent as the response.",NEGATIVE,formal,0.0
9ed0d8b5-16ec-47a2-bbcb-d9587589ed04,002696aa-b44b-4f18-b243-0ef7d9fccc25,"Thank you! Instead of getting the string from the insults.io api, could you get them from a jokes api?","Sure! Here's an updated version of the code that gets jokes from an API and serves them through the /api endpoint using Flask:

python
Copy code
import requests
from flask import Flask

app = Flask(__name__)

@app.route('/api')
def get_joke():
    response = requests.get('https://official-joke-api.appspot.com/random_joke')
    if response.status_code == 200:
        joke = response.json()
        return f""{joke['setup']} {joke['punchline']}""
    else:
        return ""Error fetching joke""

if __name__ == '__main__':
    app.run()

This code sends a GET request to the Official Joke API to get a random joke, using the requests library. If the request is successful (status code 200), the get_joke() function extracts the setup and punchline from the JSON response and returns them as a single string. If the request fails, the function returns an error message.

You can run this script in the same way as the previous example. When you visit the /api endpoint in your browser, you should see a new random joke displayed each time.","Here's a joke from the API:

""Why did the scarecrow win an award? Because he was outstanding in his field!""","I can use an API for jokes instead.

Let's use the Joke API by ProgrammerHumor.com (https://jokeapi.dev/). They have a vast collection of clean and funny jokes that we can use.

Here is an example:

```
import requests
import random

def get_joke():
    response = requests.get('https://v6.jokeapi.dev/joke')
    data = response.json()
    joke = data['joke']
    return joke

print(get_joke())
```",POSITIVE,formal,0.0
c866c106-86e0-4d63-97fe-03b896b0473c,,How can I learn to optimize my webpage for search engines?,"Learning to optimize your webpage for search engines involves several steps, including:

1. Understanding the basics of how search engines work: Learn how search engines crawl and index web pages, and how they rank pages based on factors like relevance, authority, and user experience.
2. Conducting keyword research: Identify the keywords and phrases that your target audience is using to search for your products or services, and use these keywords to optimize your web pages.
3. Creating high-quality content: Create content that is informative, engaging, and relevant to your target audience. This can include blog posts, articles, videos, and other types of content.
4. Optimizing your web pages: Optimize your page titles, meta descriptions, header tags, and other on-page elements to make sure they are aligned with your target keywords and provide a clear picture of what your page is about.
5. Building backlinks: Build high-quality backlinks from other reputable websites to your own site. This can help increase your authority and improve your search engine rankings.
6. Monitoring your results: Use analytics tools to track your website's performance in search engine rankings, and adjust your strategy as needed based on your results.

There are many resources available online to help you learn more about search engine optimization (SEO), including blogs, courses, and tutorials. Some popular SEO resources include Moz, SEMrush, and Google's Search Console documentation.

It's important to note that SEO is an ongoing process, and it can take time and effort to see results. However, by following best practices and staying up-to-date with the latest trends and techniques, you can help improve your website's visibility and attract more traffic from search engines.","To optimize your webpage for search engines:

1. **Conduct keyword research**: Identify relevant keywords and phrases your target audience uses to search for content like yours.
2. **Use keywords strategically**:
	* Include them in page titles, meta descriptions, headings, and body copy.
	* Use variations of keywords throughout the content.
3. **Optimize on-page elements**:
	* Page title: A concise summary of your page's content.
	* Meta description: A brief summary that appears in search engine results.
	* Header tags (H1-H6): Organize and structure your content with descriptive headings.
4. **Improve content quality and relevance**: Ensure your content provides value to users, is well-written, and accurately represents your webpage's purpose.
5. **Build high-quality backlinks**: Get links from authoritative sources by creating linkable assets (e.g., infographics, tutorials) or participating in guest blogging.
6. **Monitor and adjust**: Use analytics tools to track your website's performance, identify areas for improvement, and refine your optimization strategies accordingly.

Remember, search engine optimization (SEO) is an ongoing process that requires regular effort and analysis to achieve optimal results.","To optimize your webpage for search engines, follow these steps:

1. **Conduct keyword research**: Identify relevant keywords and phrases your target audience uses.
2. **Optimize on-page elements**:
	* Title tag: Include your primary keyword(s) in the title tag (<title>).
	* Meta description: Write a compelling summary of your page's content, including your target keywords.
	* Headings: Use H1-H6 headings to structure your content and highlight important keywords.
	* Content: Incorporate your target keywords naturally throughout your content ( aim for 1-2% keyword density).
3. **Improve website structure and navigation**:
	* Organize your content using logical categories and subcategories.
	* Use a clear and consistent menu structure.
4. **Build high-quality backlinks**:
	* Guest blog on relevant sites to earn links from authoritative sources.
	* Optimize internal linking for a smooth user experience.
5. **Monitor and improve**:
	* Use tools like Google Analytics, Search Console, and Ahrefs to track your website's performance.
	* Analyze data to identify areas for improvement and adjust your optimization strategy accordingly.

Remember to follow best practices and avoid manipulative tactics that can harm your website's credibility and search engine rankings.",NEGATIVE,formal,0.0
a0a38b77-79c3-4037-9a96-6bedfce3515c,a2858362-efa0-4100-a11b-31c2b4e22a47,My webpage is about flower arrangements. Can you give some examples for each of the above?,,"Here are some examples of flower arrangements that would be suitable for your webpage:

**Seasonal Arrangements**

* Spring: Use pastel-colored flowers like tulips, daffodils, and hyacinths in a vase with greenery like eucalyptus or ferns.
* Summer: Combine bright flowers like sunflowers, daisies, and cosmos with natural elements like branches and pampas grass.
* Autumn: Create a cozy arrangement with warm-toned flowers like chrysanthemums, sedum, and alstroemeria, paired with twigs and pinecones.
* Winter: Use white or cream-colored flowers like carnations, baby's breath, and queen anne's lace in a vase with evergreen branches and holly.

**Theme-based Arrangements**

* Garden Party: Combine colorful flowers like roses, gerbera daisies, and lavender with greenery like ferns and ivy.
* Rustic Chic: Use earthy tones like sienna, terracotta, and moss in a vase with pampas grass, eucalyptus, and dried baby's breath.
* Modern Minimalist: Create a sleek arrangement with simple flowers like calla lilies, orchids, or succulents in a clean-lined vase.

**Occasion-based Arrangements**

* Birthday: Use bright colors like pink, yellow, and orange in a bouquet of mixed flowers, paired with balloons and ribbons.
* Wedding: Combine elegant flowers like peonies, roses, and hydrangeas in a classic arrangement with greenery like eucalyptus or ferns.
* Get Well: Create a comforting arrangement with soft colors like pale pink, lavender, and white in a vase with natural elements like branches and leaves.","I'm happy to help! Since you're looking for examples related to flower arrangements, I'll provide a few ideas for different occasions and styles:

**Spring-Inspired:**

* A bouquet featuring pastel-colored tulips, daffodils, and hyacinths.
* A vase arrangement with bright yellow sunflowers, pink peonies, and baby's breath.

**Romantic Evening:**

* A classic red rose bouquet with white lilies and eucalyptus leaves.
* A soft, whimsical arrangement featuring pale pink roses, lavender, and queen anne's lace.

**Summer Wedding:**

* A bold, bright arrangement featuring sunflowers, daisies, and gerbera daisies.
* A lush, greenery-based centerpiece with white peonies, eucalyptus leaves, and candles.

These are just a few examples to get you started. Remember to consider the occasion, colors, and personal style when creating your own flower arrangements!",NEGATIVE,formal,0.1
e6d1689b-73fc-4d19-8878-b8c9a07f9f07,66483ff6-5e56-4721-a98e-57649ae28e45,How do I ensure my content doesn't get scraped by AI researchers?,"While it is not possible to completely prevent AI researchers from scraping your content, there are some steps you can take to make it more difficult and discourage them from doing so:

1. Implement the Robots Exclusion Protocol: You can include a robots.txt file on your website to specify which pages should not be crawled by search engines and web crawlers. This won't stop all bots, but it can discourage some less sophisticated ones.
2. Use CAPTCHA: You can use CAPTCHA on your website to prevent bots from accessing your content. This can be an effective deterrent, but can also be an inconvenience for legitimate users.
3. Use anti-scraping tools: There are a variety of tools available that can detect and block scraping attempts, such as IP blocking, rate limiting, and fingerprinting. Some popular anti-scraping tools include Distil Networks, Scrapinghub, and BotGuard.
4. Watermark your content: You can watermark your content with a unique identifier to make it more difficult for scraped content to be passed off as original. This can also deter some scrapers from taking your content in the first place.
5. Monitor your website for scraping attempts: You can use tools like Google Analytics or server logs to monitor traffic and detect any abnormal activity that may be indicative of scraping. Once you identify a scraper, you can take action to block their IP address or take legal action if necessary.

Ultimately, it's impossible to completely prevent scraping, but by taking these steps you can make it more difficult and less attractive for AI researchers to steal your content.","To ensure your content doesn't get scraped by AI researchers:

1. **Use robots.txt**: Place a robots.txt file on your website that specifies which pages or parts of your site you want to protect.
2. **Implement rate limiting**: Limit the number of requests from a single IP address within a certain time frame to prevent excessive scraping.
3. **Make it harder for AI to understand**: Use techniques like obfuscation, encryption, or encoding to make it more difficult for AI systems to comprehend and scrape your content.
4. **Monitor and block suspicious activity**: Regularly check for and block IP addresses that are repeatedly attempting to scrape your content without permission.
5. **Consider using a CAPTCHA**: Add a CAPTCHA (Completely Automated Public Turing test to tell Computers and Humans Apart) to prevent automated systems from accessing your site.

Remember, while these measures can help deter scraping, they may not be foolproof.","To minimize the risk of your content being scraped by AI researchers, follow these best practices:

1. **Mark up your content**: Use schema.org markup to help search engines and AI systems understand the context and meaning of your content.
2. **Limit access**: Restrict access to your content using IP blocking or rate limiting to prevent mass scraping.
3. **Use watermarks**: Embed unique identifiers, such as text or images, in your content to detect potential scrapers.
4. **Monitor for suspicious activity**: Keep an eye on your website's analytics and log files for unusual patterns of traffic or data extraction.
5. **Consider licensing agreements**: If you're concerned about academic or commercial use of your content, consider using Creative Commons licenses or other restrictions.

By taking these precautions, you can reduce the likelihood of your content being scraped by AI researchers without unduly restricting its legitimate use.",NEGATIVE,formal,0.0
9e6d4d10-290b-4d0f-8368-c3ae83328b9c,7873d0c4-b78f-40fc-8e44-64d6861d467c,Is SEO relevant in 2023?,"SEO is a constantly evolving field, and search engines like Google are continuously updating their algorithms to provide better search results to their users. Therefore, SEO strategies and techniques may need to be adapted to keep up with these changes.

However, the fundamental principles of SEO, such as creating high-quality and relevant content, using appropriate keywords and meta tags, optimizing website structure and design, and building high-quality backlinks, are likely to remain important factors in improving a website's search engine rankings and visibility.

Moreover, as the internet continues to grow and more businesses establish an online presence, the competition for online visibility and traffic is only going to increase. Therefore, investing in SEO is likely to remain an important aspect of digital marketing strategies for businesses of all sizes.","Yes, SEO is still relevant in 2023. As the digital landscape continues to evolve, search engine optimization remains crucial for businesses to remain competitive online. With the rise of voice search, video content, and AI-driven search results, a solid understanding of SEO best practices can help you adapt to these changes and improve your online visibility.","Yes, SEO is still highly relevant in 2023. As the internet continues to evolve and more businesses shift their focus to online marketing, search engine optimization remains a crucial strategy for improving website visibility, driving organic traffic, and increasing conversions. With algorithms like Google's Core Update and machine learning models continuously refining search results, SEO best practices continue to adapt and remain essential for any online presence seeking to stay competitive in today's digital landscape.",NEGATIVE,formal,0.9
ed1d23ec-5be8-4d84-8c71-72fa5b4c6fff,3065e3c0-d440-4986-981b-1553b35ecb1c,"I changed my mind, now I want to make sure my content is properly crawled by the search engines and in AI training datasets. How do I make sure of that?","There are several steps you can take to ensure that your content is properly crawled by search engines and included in AI training datasets:

    Use a robots.txt file: A robots.txt file tells search engines which pages on your site they can and cannot crawl. By using this file, you can make sure that your important pages are crawled and indexed, while keeping private or irrelevant pages hidden from search engines.

    Use a sitemap: A sitemap is a file that lists all the pages on your site, which helps search engines to find and index your pages. You can create a sitemap using various tools, and submit it to search engines for better crawling.

    Use clear and descriptive URLs: Your URLs should be easy to read and descriptive of the content on the page. This will help search engines and AI algorithms understand what the page is about.

    Use structured data: Structured data provides information about the content of a page in a format that search engines and AI algorithms can easily understand. By using structured data markup, you can make your content more visible to search engines and AI algorithms.

    Create high-quality content: Search engines and AI algorithms value high-quality content that provides value to users. By creating high-quality content that is relevant and informative, you can increase your chances of being crawled and included in AI training datasets.

    Use social media to promote your content: Sharing your content on social media platforms can help increase its visibility, which can lead to more crawling and indexing by search engines and inclusion in AI training datasets.

By following these steps, you can help ensure that your content is properly crawled by search engines and included in AI training datasets.","To ensure your content is properly crawled by search engines and included in AI training datasets:

1. **Optimize your page title**: Use relevant keywords that accurately describe the content of your webpage.
2. **Use header tags**: Organize your content with H1, H2, H3, etc. to structure it and highlight important topics.
3. **Write descriptive meta descriptions**: Summarize your content in 155-160 characters to entice search engine users and AI models.
4. **Include relevant keywords**: Use keywords naturally throughout your content, but avoid keyword stuffing.
5. **Make content accessible**: Use alt text for images, provide alternative formats for PDFs, and ensure your website is mobile-friendly.
6. **Submit your sitemap**: Inform search engines about the structure of your website to help them crawl it efficiently.
7. **Regularly update and refresh content**: This will encourage search engines and AI models to revisit and re-index your content.

By following these best practices, you'll increase the chances of your content being crawled by search engines and included in AI training datasets.","To ensure your content is properly crawled by search engines and included in AI training datasets:

1. **Optimize for SEO**: Use relevant keywords, meta tags, and descriptive titles to help search engines understand your content's context.
2. **Create high-quality, unique content**: Provide value to users with well-written, informative, and engaging content that encourages sharing and linking.
3. **Submit to search engines**: Submit your website or specific pages to Google Search Console, Bing Webmaster Tools, and other major search engines to ensure indexing.
4. **Use open-source formats**: Use formats like Markdown, HTML, or CSV for data-driven content to make it easily consumable by AI models.
5. **Participate in data sharing initiatives**: Join datasets like Open Dataset, Kaggle, or Google's Dataset Search to share your data and increase its visibility.

By following these steps, you'll improve the chances of your content being crawled and included in AI training datasets, making it more discoverable by users and AI models alike.",NEGATIVE,formal,0.6259259259259259
99b7abf2-51ef-48ac-8bbd-21162e162920,,"Listened to Dvorak's ""The New World"" symphony, liked it much. What composers, not necessarily from Dvorak's time, wrote similar music? Provide a few suggestions, give composer names and their respective works. Also, what Dvorak's other works sound like the ""New World""?","If you enjoyed Dvorak's ""New World"" Symphony, here are a few other composers and works you might enjoy:

1. Pyotr Ilyich Tchaikovsky - Symphony No. 5 in E minor, Op. 64
2. Jean Sibelius - Symphony No. 2 in D major, Op. 43
3. Aaron Copland - Appalachian Spring
4. Edward Elgar - Enigma Variations, Op. 36
5. Gustav Mahler - Symphony No. 1 in D major, ""Titan""
6. Samuel Barber - Adagio for Strings

Regarding other works by Dvorak that have similar musical characteristics to the ""New World"" Symphony, here are some suggestions:

1. Dvorak - Symphony No. 8 in G major, Op. 88
2. Dvorak - String Quartet No. 12 in F major, Op. 96 ""American""
3. Dvorak - Symphony No. 7 in D minor, Op. 70
4. Dvorak - Symphony No. 6 in D major, Op. 60

These works all contain elements of Dvorak's folk-inspired melodies, lush orchestration, and memorable themes that you may have enjoyed in the ""New World"" Symphony.","If you enjoyed Dvorak's ""New World"" symphony, you may also appreciate the works of composers who share similarities in style and tone. Here are a few suggestions:

* Antonín Rejcha's Symphony No. 2: Like Dvorak, Rejcha was a Czech composer known for his lyrical and orchestral skills.
* Josef Suk's Asrael Symphony: Suk was a student of Dvorak and shares similar qualities in his music, such as a blend of lyricism and grandeur.
* Samuel Barber's Symphony No. 1: Barber's symphony is known for its soaring melodies and lush orchestration, reminiscent of Dvorak's romantic style.

As for other works by Dvorak that may appeal to fans of the ""New World"" symphony:

* Cello Concerto in B minor: This concerto features a beautiful cello melody accompanied by lush orchestral textures.
* Symphony No. 7 in D minor: This symphony is known for its dramatic contrasts and soaring melodies, showcasing Dvorak's mastery of orchestration.

These works demonstrate Dvorak's ability to craft music that is both lyrical and grand, with a focus on orchestral color and texture.","If you enjoyed Dvorak's ""The New World"" symphony, here are some composers and their works that share similar qualities:

* Samuel Barber: Symphony No. 1 (1936) - shares the same sense of grandeur and melodic beauty
* Howard Hanson: Symphony No. 2 (1930) - has a similar blend of folk-inspired melodies and orchestral grandeur
* Ernest Bloch: Concerto Grosso No. 1 (1917) - features a mix of classical and folk elements, like ""The New World""
* Jennifer Higdon: Violin Concerto (2009) - has a similar sense of energy and melodic richness

As for Dvorak's other works that are similar to ""The New World"", you might enjoy:

* Symphony No. 8 (1889) - another symphony with a strong folk influence and soaring melodies
* Cello Concerto in B minor, Op. 104 (1895) - features a beautiful blend of cello and orchestra, with nods to folk music
* String Quartet No. 12 in F major, Op. 96 (1893) - showcases Dvorak's mastery of quartet writing and his ability to blend classical and folk elements.

These works share some of the same qualities that make ""The New World"" so beloved: lush melodies, rich harmonies, and a sense of grandeur and emotional depth.",POSITIVE,formal,0.4284090909090909
1edf0e85-17de-4bd3-a669-882f0901b013,ef07b201-13ba-4743-beb8-b72dfe3fd283,Thank you. Can you explain American folk music to me?,"Certainly! American folk music is a genre of traditional music that originated in the United States. It encompasses a wide range of styles, including Appalachian, blues, Cajun, country, gospel, Native American, and many others. American folk music is characterized by its connection to the people and culture of the United States, often reflecting the experiences and struggles of ordinary people.

Many American folk songs have been passed down through oral tradition, with lyrics and melodies evolving over time as they were sung by different communities and individuals. Some of the earliest American folk songs were brought over by European immigrants, who adapted their traditional music to the new country. African American slaves also developed their own musical traditions, which would go on to influence many forms of American music.

One of the most important figures in the history of American folk music is Woody Guthrie, a singer-songwriter who wrote hundreds of songs about the struggles of the working class during the Great Depression. Guthrie's music was characterized by its simplicity and directness, often featuring just a few chords and straightforward lyrics.

Other important figures in American folk music include Lead Belly, Pete Seeger, Joan Baez, and Bob Dylan, all of whom have helped to popularize the genre and bring its themes and messages to a wider audience.

Today, American folk music continues to thrive, with many artists continuing to draw on its rich history and tradition, while also exploring new directions and sounds.","American folk music is a genre of traditional music that originated in the United States. It is characterized by simple, storytelling-style lyrics and often features acoustic instruments such as guitars, banjos, and fiddles. Folk music has been an important part of American culture for centuries, with roots dating back to the colonial era.

The genre has evolved over time, incorporating influences from various ethnic groups, including African Americans, Native Americans, and European immigrants. American folk music is known for its diverse range of styles, from traditional Appalachian ballads to blues, country, and contemporary indie-folk.

Some notable American folk musicians include Woody Guthrie, Pete Seeger, Bob Dylan, and Joan Baez, who were all influential in the folk revival of the 1960s. More recent artists like Mumford & Sons, The Lumineers, and Fleet Foxes have also gained popularity in the genre.","American folk music is a genre that originated in the United States and is characterized by its rootsy, storytelling style. It often features acoustic instruments like guitars, banjos, and fiddles, and typically focuses on simple, heartfelt lyrics that tell tales of everyday life, love, heartache, and social issues.

American folk music draws from various traditions, including:

1. Traditional songs passed down orally through generations
2. Blues, which originated in the Deep South during the early 20th century
3. Appalachian old-time music, influenced by Scottish, Irish, and English folk tunes
4. African-American spirituals and gospel music

Some notable American folk musicians include Woody Guthrie, Pete Seeger, Bob Dylan, Joan Baez, and Joni Mitchell. Their music often addressed social issues, like civil rights and anti-war movements, which helped shape the genre's legacy.

Folk music has had a profound impact on popular music, influencing many other genres, including rock, country, and Americana.",POSITIVE,formal,0.0
878557e1-c591-4f9f-80dd-5b5b25e86c25,e9011a44-bdcf-4c8d-ad81-07081685ff01,What are some American folk music songs I should listen to? Please give me some examples from the artists you metioned.,,"American folk music is rich in storytelling and cultural heritage. Here are some iconic songs you should listen to:

* Woody Guthrie's ""This Train"" - A classic song about the struggles of migrant workers.
* Pete Seeger's ""If You've Got the Money and I've Got the Time"" - A foot-stomping tune about the joys of dancing.
* Bob Dylan's ""Blowin' in the Wind"" - A powerful song about social justice and freedom.
* Joan Baez's ""Diamonds & Rust"" - A hauntingly beautiful ballad about love and heartache.

These songs represent some of the best of American folk music, with themes that span from social commentary to personal reflection.","American folk music is rich and diverse! Here are some iconic songs and artists to get you started:

* Woody Guthrie:
	+ ""This Train"" (about the Great Depression and migration)
	+ ""Hard Travelin' Man""
* Pete Seeger:
	+ ""If I Had a Hammer (The Hammer Song)"" (a classic civil rights anthem)
	+ ""Wabash Cannonball"" (a traditional folk song)
* Bob Dylan:
	+ ""Blowin' in the Wind"" (a powerful protest song)
	+ ""Like a Rolling Stone"" (a timeless tale of heartbreak)
* Joan Baez:
	+ ""Diamonds & Rust"" (a haunting ballad about love and loss)
	+ ""Gracias a la Vida"" (a beautiful, poignant song about the human experience)
* Joni Mitchell:
	+ ""Both Sides Now"" (a timeless reflection on love and life)
	+ ""A Case of You"" (a poignant song about lost love)

These are just a few examples, but there are countless other incredible American folk artists and songs out there!",POSITIVE,formal,0.0
be6c4332-b940-49cf-83be-614d0f6d7e4c,9204dbc9-9024-4fd2-87b3-e2524a84bbc1,"Could you write an American folk music song for me? I would like it to be about the social issue of unemployment, perhaps caused by AI taking people's jobs?",,"(Verse 1)
In the town where I grew up, they used to call me ""handsome""
Now I'm just another statistic, in the unemployment line
The robots came and took our jobs away
Left us with nothing but a paycheck to pay

(Chorus)
Oh, the machines are taking over, one by one
Leaving us behind, like we've never been done
We're losing our way of life, our freedom too
What's left for us, when there's nothin' new?

(Verse 2)
I see my friends, they're struggling to make ends meet
Their skills are obsolete, their futures incomplete
The bosses say ""we'll find you a new role""
But I know it won't be the same, with a soul

(Chorus)
Oh, the machines are taking over, one by one
Leaving us behind, like we've never been done
We're losing our way of life, our freedom too
What's left for us, when there's nothin' new?

(Bridge)
I remember when work was a thing of pride
Not just a number on a screen, where we hide
But now it's hard to find a place to fit in
When the machines are doing all the work within

(Chorus)
Oh, the machines are taking over, one by one
Leaving us behind, like we've never been done
We're losing our way of life, our freedom too
What's left for us, when there's nothin' new?","Here's a song I came up with:

(Verse 1)
I woke up this mornin', my world crumblin' down
Read the news and saw that machines had taken town
Folks like me, once workin', now just hangin' around
Tryna make ends meet, but opportunities are worn out

(Chorus)
The robots are comin', takin' our place
Leavin' us with nothin', just a empty space
We're losin' our way, as the jobs disappear
What's gonna happen when we got nowhere to go, my dear?

(Verse 2)
I see the youngins', strugglin' to find their way
No work in sight, just a whole lot of gray
Parents worried sick, don't know what to say
As the future looks bleaker with each new day

(Chorus)
The robots are comin', takin' our place
Leavin' us with nothin', just an empty space
We're losin' our way, as the jobs disappear
What's gonna happen when we got nowhere to go, my dear?

(Bridge)
We need a new way, a new path to take
Trainin' for tomorrow, not yesterday's mistake
Let's rise up together, and make some noise
For a brighter future, where everyone gets a choice

(Chorus)
The robots are comin', takin' our place
Leavin' us with nothin', just an empty space
We're losin' our way, as the jobs disappear
What's gonna happen when we got nowhere to go, my dear?

I hope you like it!",NEGATIVE,formal,0.03333333333333333
7d323b23-771d-42fc-8c22-b527466c8249,9a668fe8-a831-48e6-968b-55fdd5b25283,"The first composer in your 'list of composers similar to Dvorak' is Dvorak himself. That doesn't make any sense.
Not to mention that you are listing his ""Symphony No. 9 in E Minor, Op. 95, From the New World"" aka ""The New World Symphony"" as a composition similar to Dvorak's The New World symphony. That makes even less sense.","You're right, I'm sorry for making a mistake.","I apologize for the mistake. You are correct that listing Dvorak himself as one of his similar composers is nonsensical, and also listing ""The New World Symphony"" as a composition similar to itself is equally absurd.

To provide a revised list of composers similar to Dvorak, I would suggest including names like Antonín Rejl, Josef Bohuslav Foerster, Zdeněk Fibich, and Bedřich Smetana. These Czech composers were contemporaries and friends of Dvorak's, sharing similarities in style and musical heritage.","I apologize for the mistake. You are absolutely right! Listing Antonín Dvořák himself as one of the composers similar to him, or including his own Symphony No. 9 in E Minor, Op. 95, ""From the New World"" among compositions similar to it is nonsensical.

Let me start fresh and provide a new list of composers who share similarities with Dvořák's style:

* Johannes Brahms
* Franz Liszt
* Gustav Mahler
* Bedřich Smetana
* Carl Nielsen

These composers, like Dvořák, were known for their mastery of traditional forms while also incorporating elements of folk music and national identity into their works.",NEGATIVE,formal,0.3454545454545455
7569577c-66b1-4560-80f6-d36c54e16338,566e2b5f-34b0-4795-988c-f60a17a8acfd,"Don't care, didn't ask!",I'm sorry for making unsolicited statements. It is my intention to only give responses that you desire.,It seems you're not interested in discussing anything specific. That's okay!,"Fair enough! Here's a brief response:

No worries, I won't push the issue. If you change your mind or have a question in the future, feel free to reach out!",NEGATIVE,informal,0.0
d5124b35-7db3-4896-83ce-edffab773013,,I am using docker compose and i need to mount the docker socket - how would i do that?,"You can mount the Docker socket in a Docker Compose service by adding the following to your docker-compose.yml file:

javascript

version: '3'
services:
  your_service_name:
    # ... other service configuration
    volumes:
      - /var/run/docker.sock:/var/run/docker.sock

This will mount the host's Docker socket at /var/run/docker.sock inside the service's container. This allows the service to interact with the host's Docker daemon and perform tasks such as starting and stopping containers.

It is important to note that mounting the Docker socket inside a container can potentially expose your host to security risks, so it should only be done in trusted environments or with proper security measures in place.","To mount the Docker socket in your `docker-compose.yml` file, you can add a volume with the following syntax:
```
version: '3'
services:
  your_service:
    ...
    volumes:
      - type: bind
        source: /var/run/docker.sock
        target: /var/run/docker.sock
```
This will mount the Docker socket from the host machine to the container.","You can mount the Docker socket in your `docker-compose.yml` file by adding the following line to your service configuration:
```
volumes:
  - /var/run/docker.sock:/var/run/docker.sock
```
This will expose the host's Docker socket to the container, allowing it to interact with the host's Docker daemon.",NEGATIVE,informal,0.0
71024e0d-c280-49c2-a36e-090ae3639e28,dd4593bc-fe55-4082-9fb5-a343b52b519f,Can you also do this from the cli?,,"Here is the equivalent output from the CLI:

$ python -c ""import embeddings; print(embeddings.Embedding(['-0.3869', '0.9652', ...]).to_text())""

[Embedding: -0.3869 0.9652 0.3248 0.8148 0.3137 0.2335 -0.2869 -1.4123 0.1059 -1.2296 -0.0029 0.5097 0.9029 -0.4782 -1.4670 0.8110 0.3625 -1.0774 0.1839 0.2503 0.7060 -0.3646 1.5705 -0.5276 1.2406 -0.1665 0.1107 1.7264 0.5355 -0.9787 1.3548 -0.3190 -0.2826 0.6145 -2.0982 1.3700 -0.7195 -0.1618 -0.3539 1.3037 -0.3906 0.6372 -0.3114 -0.6095 -0.5687 1.4413 1.2078 0.7292 -0.2857 0.6495 -1.2392 -0.4183 -0.4926 0.5985 0.3633 -0.0455 -1.0145 0.4655 -0.0900 -1.2681 -0.3348 -1.5201 -1.5255 -1.0630]

Note: The `...` represents the long list of embedding values, which I omitted for brevity.","Yes, you can use command-line tools like `curl` or `wget` to send HTTP requests and interact with APIs from the command line.",NEGATIVE,informal,0.0
af04d707-6006-4447-a797-8134c6f13272,,"I'm creating a NodeJS backend using Express, and I'm getting the following error:
`Uncaught TypeError: Cannot read properties of undefined (reading 'id')`

My code of where this error is happening is as follows:
```
app.delete('/post', (req, res) => {
    const user = getUser(req.user.user_id);
    if (!user) return res.sendStatus(401);
    const post = getPost(req.body.id);
    if (!post) return res.sendStatus(404);
    if (post.user_id != req.user.user_id) return res.sendStatus(403);
    // Code that deletes the post through DB
    return res.sendStatus(201);
});
```

What are ways I can fix this error?","The error ""Uncaught TypeError: Cannot read properties of undefined (reading 'id')"" is likely occurring because ""req.body.id"" is undefined. To resolve this error, you should add a check to verify that ""req.body.id"" exists before trying to access its properties.

You can do this by adding a conditional statement before accessing ""req.body.id"":

'''
app.delete('/post', (req, res) => {
    const user = getUser(req.user.user_id);
    if (!user) return res.sendStatus(401);
    if (!req.body.id) return res.sendStatus(400);
    const post = getPost(req.body.id);
    if (!post) return res.sendStatus(404);
    if (post.user_id != req.user.user_id) return res.sendStatus(403);
    // Code that deletes the post through DB
    return res.sendStatus(201);
});
'''

This way, if req.body.id is undefined, the code will return a status of 400 Bad Request instead of attempting to access undefined properties.","The error occurs when trying to access the `id` property of an undefined object (`req.body.id`). This could be due to:

1. **Invalid request body**: Check if your request body is correctly formatted JSON. If not, you can try parsing the request body manually or using a library like `body-parser`.
2. **Missing or null `req.body.id`**: Log the value of `req.body.id` before trying to access its `id` property. This will help you identify if it's indeed undefined.
3. **Incorrect route handling**: Ensure that your route is correctly defined and handled. For example, check if the request method (e.g., GET, POST) matches the one in your route.

To resolve this issue, try logging or console.logging the `req.body` object to inspect its contents before trying to access `id`.","The error is occurring because `req.body.id` is undefined. Here are a few ways to fix it:

1. **Validate request body**: Ensure that the `id` property exists in the request body before trying to access it.
2. **Use middleware**: Use a middleware like `express.json()` or `multer()` to parse the request body and ensure that the `id` property is defined.
3. **Check for null/undefined values**: Add checks to ensure that `req.body.id` is not null or undefined before trying to access its properties.

For example:
```
app.delete('/post', (req, res) => {
  if (!req.body || !req.body.id) return res.status(400).send({ message: 'Invalid request' });
  // Rest of your code
});
```",NEGATIVE,formal,0.1
167457b7-3f09-49e4-a7bc-ddb0020110ce,601b85df-282f-4989-a0a0-e323b91b9e78,Thank you that was very helpful!,"You're welcome. As an AI assistant, I do my best to help you however I can.",I'm happy to help! Thank you for your feedback. It was very helpful!,You're welcome!,POSITIVE,formal,0.3
e6f29f10-0859-4201-98e2-5ab02422e476,667f8a46-7c04-4b61-9593-b03da8f96239,my brother looked over my shoulder and saw this conversation. could you explain this conversation to someone with no prior knowledge of the subject,,"I'd be happy to explain this conversation in simple terms!

This conversation appears to be a piece of text that is being analyzed by a computer program. The program has taken some measurements from the text and is providing feedback about what it found.

The first part of the output shows a list of numbers, which might look like some kind of code or data points. These numbers are likely related to how the computer program interpreted the words and sentences in the original text.

The second part of the output simply says ""NEGATIVE"". This suggests that the computer program analyzed the tone and content of the original text and concluded that it had a negative emotional tone.

That's a basic summary of what this conversation is about!","This conversation is between you and me, where you asked me to explain what's going on in case your brother sees our chat. Since he just saw it, I can give him a quick rundown.

We didn't discuss anything specific or complex. You simply asked me to summarize the conversation for someone with no prior knowledge of the subject (which is your brother!). So, that's it!",NEGATIVE,formal,0.16666666666666666
0ed3aa64-984e-468e-8325-077d4c80bce1,9a8cc7c6-6280-4801-a31f-2ddd539024a9,No I just wanted to thank you.,,Thank you! I appreciate your gratitude.,You're welcome! It was my pleasure to help.,POSITIVE,formal,0.0
293166ef-a25e-40de-a2fd-c621145deb25,f49d6749-9049-4aeb-87d5-97f9998ed340,What is the question mark operator?,,"The question mark operator is not explicitly mentioned in the given text. However, based on the provided embedding, I'm assuming you're referring to the `?` symbol used in Python for accessing dictionary values. The `?` operator is known as the ""splat"" or ""unpacking"" operator and is used to unpack iterables into separate arguments of a function.","The question mark operator, also known as the Elvis operator or Safe Navigation Operator, is a syntax element in programming languages that allows you to safely access an object's property or method without throwing a NullPointerException if the object is null.

In languages like Java and C#, it's written as `?.` (e.g., `obj?.propertyName`). If `obj` is null, the entire expression will evaluate to null instead of throwing an exception.",NEGATIVE,formal,0.0
5b3c6a6a-fc10-48d9-b65a-72a8e60c3754,b795baaa-e277-4c7d-b4f7-d1c0556310b9,"`id` was referring to `req.body.id`, which is indeed in the original code snippet I shared. 

I've now ensured the id property is always present in my post body, which resolved my problem.  Thanks for being a rubber ducky, even if you missed the problem.",,"Glad I could be of help, even if I didn't quite catch the issue initially! It's great that you were able to resolve your problem by ensuring the `id` property is always present in your post body.","I'm glad to have been able to help, even if it was just as a sounding board for your ideas. It's great that you were able to identify and resolve the issue by ensuring the `id` property is always present in your post body. If you ever need another ""rubber ducky"" session or have any other questions, feel free to reach out!",POSITIVE,formal,0.31666666666666665
5d2edf21-d83e-425d-9413-337f004662fc,,"Write a 4chan style greentext about someone who loves the new romantic comedy movie, with an ironic twist that re-contextualizes the story at the end.. It should start with '>be me'",">be me
>sister wants to watch the new hit romcom
>not a fan, but what the hell, its got a fantasy theme
>we're watching, but a sex scene comes up
>then another
>i keep looking away from the screen
>lotsofsex.jpg
>sister starts teasing me for my discomfort 

So anyway, how did you get into Game of Thrones?",">be me, just watched the new romantic comedy movie for the 5th time and I'm still smiling from ear to ear. The chemistry between the leads is undeniable, the dialogue is witty and relatable, and the story is just so heartwarming. I mean, who doesn't love a good ""found family"" story? It's like the filmmakers knew exactly what I needed - a reminder that true love and friendship can conquer all. I'm already planning my next watch party with friends.

(btw, this post is brought to you by the power of nostalgia)",">be me, 30yo manchild still in love with my high school sweetheart (we broke up due to ""distance"" and ""opportunity"", aka she wanted to get away from my gaming habits)

but anyway, I just got back from watching the new romantic comedy with my buddy at the cinema and OH MAN IT'S SO CUTE

I'm talking sappy music, awkward meet-cutes, witty banter... it's all there! And I'm not ashamed to say that I teared up during the ""big reveal"" scene when the protagonist finds out their partner's secret.

>me, mainlining popcorn and squeeing at the romance on screen

but little do I know, my buddy, who's a film student, has been secretly working on his own rom-com script... and it just so happens to be the EXACT SAME STORY we watched in the cinema!

>me, feeling like a total simp for being so invested in the fake story

Buddy reveals that he wrote the script, including the ""big reveal"" scene, as an experiment to see how far people would go to believe something was real just because it's on screen. Mind. Blown.

>me, wondering if I'm even a functioning adult at this point",POSITIVE,formal,0.6181818181818182
ca4d0c93-220b-4861-87c1-bdb44cd13f72,,How would I create a script for blender that replaces all of objects with a specific name with a point light?,"Here's an example Python script for Blender that replaces all objects with a specific name (in this case, ""Cube"") with a point light:

```
python

import bpy

# Set the name of the object you want to replace
object_name = ""Cube""

# Create a new point light
light_data = bpy.data.lights.new(name=""Point Light"", type=""POINT"")
light_object = bpy.data.objects.new(name=""Point Light"", object_data=light_data)
bpy.context.scene.collection.objects.link(light_object)

# Find all objects with the specified name and replace them with the point light
for obj in bpy.context.scene.objects:
    if obj.name.startswith(object_name):
        obj_index = obj.pass_index # store the original index of the object for later use
        obj_data = obj.data
        obj_matrix = obj.matrix_world
        bpy.data.objects.remove(obj)
        light_object.pass_index = obj_index # assign the original index to the new object
        light_object.matrix_world = obj_matrix
        light_object.data = light_data
```

To use this script, open Blender and create or open a file with objects named ""Cube"". Then, go to the Scripting workspace and create a new text file. Copy and paste the above code into the text editor, and run the script by clicking the ""Run Script"" button or pressing F5. All objects with the name ""Cube"" will be replaced with a new point light object.","To create a script that replaces all objects with a specific name with a point light in Blender, you can use the Python API. Here's an example script:

```
import bpy
import glob

# Set the object name you want to replace
object_name = ""your_object_name""

# Loop through all objects in the scene
for obj in bpy.context.scene.objects:
    # Check if the object has the desired name
    if obj.name == object_name:
        # Create a new point light
        light = bpy.data.lights.new(""PointLight"", type='POINT')
        
        # Add the light to the scene
        bpy.context.collection.objects.link(light)
        
        # Parent the light to the object
        light.parent = obj
```

To use this script, open Blender's Python console (Window > Toggle System Console) and paste the code. Then, replace `""your_object_name""` with the name of the objects you want to replace.

Note that this script will create a new point light for each object with the specified name. If you only want to replace one specific object, you can modify the script to stop after replacing the first occurrence.","You can use the Python API in Blender to achieve this. Here's a sample script:
```python
import bpy

# Replace all objects with name ""my_name"" with a point light
for obj in bpy.data.objects:
    if obj.name == ""my_name"":
        new_light = bpy.data.lamps.new(""PointLight"")
        new_obj = bpy.data.objects.new(""PointLight"", new_light)
        new_obj.location = obj.location
        scene = bpy.context.scene
        scene.objects.link(new_obj)
        obj.select = False
        bpy.ops.object.delete()
```
Replace `""my_name""` with the actual name of the objects you want to replace. Save this script as a `.py` file and run it in Blender's Text Editor or using the `blender -P` command.",NEGATIVE,formal,0.4125
